CYP11B1	E4+204G>A	Exon	11beta-hydroxylase deficiency	-46	+1	Soardi F.C., Penachioni J.Y., Justo G.Z., Bachega T.A., Inácio M., Mendonça B.B., de Castro M., de Mello M.P. (2009) NOVEL MUTATIONS IN CYP11B1 GENE LEADING TO 11{beta}-HYDROXYLASE DEFICIENCY IN BRAZILIAN PATIENTS.  J Clin Endocrinol Metab., in press. 	CCAGCAACTTGGCTCTTTTTGGAGAGCGGCTGGGCCTGGTTGGCCACAGCCCCAGTTCTGCCAGCCTGAACTTCCTCCATGCCCTGGAGGTCATGTTCAAATCCACCGTCCAGCTCATGTTCATGCCCAGGAGCCTGTCTCGCTGGACCAGCCCCAAG/GTGTGGAAGGAGCACTTTGAGGCCTGGGACTGCATCTTCCAGTAC(G>A)gtgaggccagggacccgggcagtgctatggggaagggacaccatgggggcccaatttctccctctccaccacccagtggggaatggaggccacagggaggggtcggggattcctcaccttcctgccagggagattggtgcgaggctggggctgggctgggctgatccggagaatttgggatgagagcagggagacttgggtgtcggggcagtctgggcaggaggaggacactgaaggatgtctcccagcaccaaagtctgagggctgcctcccgctccccg
MCCB	E11+55G>A	Intron	3-methylcrotonyl-CoA carboxylase deficiency	+922	+1	Stucki M., Suormala T., Fowler B., Valle D., Baumgartner M.R. (2009) Cryptic exon activation by disruption of exon splice enhancer: novel mechanism causing 3-methylcrotonyl-CoA carboxylase deficiency. J Biol Chem., 284, 28953-28957. 	gtatgtgaaagtggaactgtgagctttatgaccagctgtgagtctctttgtatgtgtatctatttgcaaagctaaagtttgttaagatatgttcatgcctagaaatagatgtggatctcagtaaggagtgacatatgtggcaatgatacctttccatactgtggatatcattggcacagagtaaatactgaaagaggggagtgggggacctcaatgattggaaagttttcattgcgcaaaaagtgtgatttggtcataagtaagactccatgtcctgtgcacattatgaatgatgtaaggcaacttaacaattgtcagctatttcttttcattgttcttattttgggaaatgggtgaaatgtcagtaagttgttggaagaaaaaacatacccttttagatcaatatgacatttgcaatgattagacctgattacagttgaaaatgttgctatggttacacattgtcgacatagtgttctgtaatttagatggacaacttttagggtttagagcatatagtcttttattttgttcagtatccatagttggcagagtagtttttaaattaggaaattatcttaatatcaaattctgtactggaagttttaatatttcaaattatattttccccttgactataaaatattatatattagttgtgaaaaatatagaaaatacagaaaagaaaaaaattaaattgcatataattccaccctctagagaaggtggctaatatttggatgttttaggttaatgtgtatatacgcacatttttatgtagttgagatagtctatacgtatatttttttgttttactttttctagtttaaattataaacattttcccatgtctttag/AAATTCTTCATGAAATATTTTCTACGGCTAGATCTTAATTCCTATAATAGTACTTGGCAACATG/gtaagtagtcagtaactattttctgaatgcattgatggatataatgttctgttgtatggatttatttaggcaataccccagcattgctagtgggtcttaaatcctggattttattgagcttcaagtgatacttcactttagcaaacgtgacttagttaattgtaaatttttaaatgaggtttttagtttaacttttaattaattataagcacaggaaaaaatggtacttaaactctgacatacttgaaaaatgtgttgggccaggcgcagtggttcatgcctgtaatcccagcactttgggaagtggaggcaggcagatcccttgagtctaggagatcagctggctaacatggtgaaaccccatctctactaaacatacaaaaattagccgggcgtggtagcacatgcctgtaatcccagctactcgggaggccgaaacaagagaatcgcttgaacctgggagcagaggttgcagtgaaccgagattgcactactgcactccagcctgggtgacagagtgagactctgtctcaaataaataaataaataaataaagataaaaataaacaaataaataaaagagaaaaatgagttgttccaggtagccaagttctctggttggctgagaattcaccctttttcgtgtaaccactgcaaccactgcttcccaggttcaagcgattctcctgcctcagcctcccgagtagctgggattacaggcacccgccaccatacctggctaatttttgtatttttagtagaggcggggtttcaccatgttggtctggcttttctcgaactcctgaccttaggtgatccgcccacctcagccttccgaagtgctgggattacagatgtgagccaccacacctggccaattaatacattcttttaaaaaaaatgtattaaagttatagcttttaagttcagcttaaagatacattattctatgtataagtctaggaaattttaacatttccccccttcttcctaagaaattttcaaatatgctgagatgttcaaagaataatacaatgatcacctgtatatgaacctcatagagtcaacaattgttagaacttgtgtcatttgtgtgtgaaatacattttaaagcacaggcacacctcagatacattgtgggttcagttccagatcactgcaataaagttaatatcacaataaagtgagtcacatgaactttttggttttccagagcatataaaagttatatttatactatattgtagtctgttcagtgtgcaggagcaccttgcctttaaaaagtacatacattaatttaaaaataccttattgcttttaaaaatgctaacaatcatctgaaccttcagtgaatcatcttttgctggtggagggtcttgccttgatgctaatgacagccaactaatcagggtagaggttgctgaaggttggggtggctgtggcaatttcttaaaagaagacaacaatgaagtctgccacactgactgactcttgcttttatgaaatattctctgtagtatgcaatactgtttgctagcatttgatccagggtagaactttgttttttttcagactgagtctcactctgtcacccaggctggagtgcagtggcgcgatctcagctcactgcaagctcagcctcctgggttcatgccattctcctgcctcctgagtagcagggactacaggtgcccgccactgcgcctggctaattttttgtatttttagtagagacggggtttcaccgtattagccaggatagtcttgatctccggacttcatgatctgcccgcctcggcctcccaaagtgctgggattacaggcatcacccaccgcgcctggcccagggtagaactttcaaaatgagtcagtcctctcaaacctgactactgctttattaactaaatttatgtaatactctatatccgtaattgtcatttcacagtgtttgtagcatcttcaccaggagtacattctatctcaagaaacttctttttttgctcattcataagaagcagctcctcatctgttcaagtttgaacatgaaattgcagcagttcagttacatcttcagactccacttctaactctagttatctccaccacatctgaagtgacttcatccattgaaatcttgaacccctcaaagttacccatgagggttggaatcaacttcttccagtatctttaatttaattaaatatccttaatgttgatattttgacctcctcgcatgaatcgtgaatattctcaatggcatctagaatggtgaatcctttccaaaaggttttcgatttactttgcccagatctgtcagaggaatcactatctatggcagctatagcctgaggaaatgtatttctttttttttgagacggagtctcgctctgtcgcccaggctggaatgcagtggcgcaatcttggctcactgcaacctctatcttccaggttcaagcaattctcctgcctcagcctcccaagtagctgggattacaggtgcatgccaccattcccagctaatttttgtatttttagtagagacagggttttaccatattggtcaggctggtcttgaactcctgacctcaggtgatccacccgtcttggcctcccaaagtgctgagaatacaggtgtgagccaccacgcccggcccaggaaatgtatttcttaaataataagacttaaaagtaaaaatgactccttgctccgtgggctacagagtggatgttataacagcaggcatgaaaagaacactcatctctttgtgcatctctatcagagtcttgagtgaccaggtatattgttagtgagcagtaatattttgaaagaaatctttttttctgagtagtaggtctcaacagtggccttaaaaattcattaaaccatgccacaaatacgtatgctgtcatccagggtttgctgttacatttatagagcacaggcagagtagatttaggataattctgcaacttaaagtcaccagctgcattagcctttaacgagagagtaagcctgtcctcagacgacgtgcactaacctctccccagctatgaaagtcctaggtggcatcttcttccaccagaaggctgtttcatctacactgaaaatctgttgtttaatgtagccaccttcatcaatgatcttagctagatcttctggataacttgctgtagcttctataatacatcagcacttgctgcctcaccttatacttttgtggtacaaatggcttttttttttttaaacctcatgaaccaatctctgctagcttcaaatttttcttctgcgacttcacctatccaagccttcagggaactgaagagagttaagaccttgctctggattaaagggaatgttgtgcctggcttgattttctatccagactactcaaaccttctccatatcagcaacaaggctgtttttgctttctcgacattatggattttttgtgaagataagtgaatgtattttatgtggcctggtggtgttaattgtaatgcaaatacaacatagtttttcactaaatggtcctaaattgctgtgccctttgagcagccgtatctctgtgtggaagaatgatagttgttacgtgttgattgcttgttaaaggtacaatttttacaggtatatagcacccaaaacagataactgttacattcccattgtattattggattttttaggaaaagaagtaaaaaataattcagagtaaacttttacttgatggtgagaaagatgttgggaagcattcactcagttttcagcctttgcatcatacaaaacaagattttgattgatgtggcagacagaaaaagcgaagtgcaaactatgtagaaaaatagtatgtatcatctaaaatagtttctgaaattgaaaatatgcttcctgtttagaactccttacagtagtcctgatatataatgataagccccagggataaactatttagtaatttccactcctttatacatatgtggatgatccttcaagtataccagattcagaatcaatgagtctttattaagtgcttaataatagtgatagctacactttaatgagagcctgacagtatgctttagttagcactttatttttattttttacttttttatttttcttttttctaccctgttaactgatagtgctgtttatccttttatttttttttctaatttattatttcttgctgaaaggaatagttagcactttttacatttttttttttttttttttttaacagatgaggaaactgaagcttaaagaattttctagtttctcagtcggagagctgggagtcagagctggcttttcatgtcagcatgatttttgtaggttcctacttccttacaagtagatcatatcttcacagctcttctgttccatcattccagaagtgagaactgagactcagaggggtgaagtgacttactccagggcataccagtcatacttgataccttagattggagcctgtgtcttttgactctgagccctgtctctacccagctttctcattgcatccctgaacctctgccggtacattcgaacagtccttgaagctctaagtctagcaaccagcccttggagcctttcctgcttttcttgcatgcagcatggtgctgttgcttgtatagtgaagtataaaatcagaacccagaatgacttcagggcattaaccaggcatgtcaaatgaaattctagtgagattttctgtgtagtgtgaaattttgtgaaagtgacaacttcactgtgaattgttttcctataagtaactttaatacaaaaattcttttgcaatataatttctcaaggccattgttgtttttcctcttagGTCATTGCTAGAATCGTGGATGGAAGCAGATTCACTGAGTTCAAAGCCTTTTAT(G>A)GAGACACATTAGT
MCCB	E14+93A>G	Exon	3-methylcrotonyl-CoA carboxylase deficiency	-65	+2	Baumgartner, M.R., Almashanu, S., Suormala, T., Obie, C., Cole, R.N., Packman, S., Baumgartner, E.R., Valle, D. (2001) The molecular basis of human 3-methylcrotonyl-CoA carboxylase deficiency. J. Clin. Invest., 107, 495-504. 	GATTTATGGTTGGTAGAGAGTATGAAGCTGAAGGAATTGCCAAGGATGGTGCCAAGATGGTGGCCGCTGTGGCCTGTGCCCAAGTGCCTAAG/(A>G)TAACCCTCATCATTGGGGGCTCCTATGGAGCCGGAAACTATGGGATGTGTGGCAGAGCATATAGgtaggtgtcatgattttctctgaaacaaagaaacatgcttcaagtataaaatacatggtcagtttatttcaggtgtatttgaaatatagaatgccattcccagatctcaatcaattataccgtaatttgtatcatttggaggggtgaaatgaaatttaatgccaaaggtgttatttggaagaaatctacaatgggagtcaagaaatacttgaaatggctgataatgaaaatgccacacattaagatttgtgcagtgcagctaaagtctggctctgagaaaggtatgtagccttaaagg
HLA-A*110X	IVS5+17G>A	Intron	Aberrant HLA class I molecule	+18	0	Tijssen, H.J., Sistermans, E.A. and Joosten, I. (2000) A unique second donor splice site in the intron 5 sequence of the HLA-A*11 alleles results in a class I transcript encoding a molecule with an elongated cytoplasmic domain. Tissue Antigens, 55, 422-428. 	AGCTGTCTTCCCAGCCCACCATCCCCATCGTGGGCATCATTGCTGGCCTGGTTCTCCTTGGAGCTGTGATCACTGGAGCTGTGGTCGCTGCCGTGATGTGGAGGAGGAAGAGCTCAGgtggagaaggggtgaa(g>a)g/gtggggtctgagatttcttgtctcactgagggttccaagccccagctagaaatgtgccctgtctcattactgggaagcaccttccacaatcatgggccgacccagcctgggccctgtgtgccagcacttactcttttgtaaagcacctgttaaaatgaaggacagatttatcaccttgattacggcggtgatgggacctgataccagcagtcacaagtcacaggggaaggtccctgaggacagacctcaggagggctattggtccaggacccacacctgctttcttcatgtttcctgatcccgccctggg
HMBS	E10+114G>T	Exon	Acute intermittent porphyria	-9	0	Delfau, M. H., Picat, C., De Rooij, F., Voortman, G., Deybach, J. C., Nordmann, Y., and Grandchamp, B. (1991). Molecular heterogeneity of acute intermittent porphyria: identification of four additional mutations resulting in the CRIM-negative subtype of the disease. Am J Hum Genet 49, 421-428. 	cattaagctgagagctggaagatgactgaaagtcagccagctagagagggaaagacagactcaggcagagggaaccgcacgaggccccagattgcccgacactgtggtccttagcaactctccacagCGGGGAAACCTCAACACCCGGCTTCGGAAGCTGGACGAGCAGCAGGAGTTCAGTGCCATCATCCTGGCAACAGCTGGCCTGCAGCGCATGGGCTGGCACAACCGG/GTGGGGCA(G>T)gtagggcctgcccctatcctctccccagctcatctgcatctcctttctgccttacagtcatccccaatttaggatttttagactttatgattgtgtgaaagcgatatacgttcagtagaaactgtacttagtacccatacagccattctgttttttactttcagtacagtattc
HMBS	IVS1+1G>A	Intron	Acute intermittent porphyria	+67	+1	Puy, H., Gross, U., Deybach, J.C., Robreau, A.M., Frank, M., Nordmann, Y. and Doss, M. (1998) Exon 1 donor splice site mutations in the porphobilinogen deaminase gene in the non-erythroid variant form of acute intermittent porphyria. Hum Genet, 103, 570-575. 	CCGGAAGTGACGCGAGGCTCTGCGGAGACCAGGAGTCAGACTGTAGGACGACCTCGGGTCCCACGTGTCCCCGGTACTCGCCGGCCGGAGCCCCCGGCTTCCCGGGGCCGGGGGACCTTAGCGGCACCCACACACAGCCTACTTTCCAAGCGGAGCCATGTCTGGTAACGGCAATGCGGCTGCAACGGCG(g>a)tgagtgctgagccggtgaccagcacactttgggcttctggacgagccgtgcagcgattggccccag/gttgccatcctcagtcgtctattggtcagaacggctatctttttttttttttttttttttttttttttggtccgagtagcttttaaagggccagtagctcggttgccctccggaaggaatggggaaatcagagagcggtgatactgggttaagagtggaaggattgtttggaacggaactccggtccctgcgggcatctgggtgggattcccatcaggcctgggatgcacggctctagatttagtgacccagaccaagaacgttcgtctacacagacggggtcctttcattcgaggctgggctgaggcggatgcagatacggcccctttgggaagacacgttccacttttgattcataggagagagtatcagccaagcctccgaactgcacacaaacgtcttagaagtgcgccttctttttgtgttatagtggtctcccagccacagccaacgctccaagtccccagctgtgacacacctactgaattactaccgtgggtgggaggccgccgtgggcctttccattacgagcctgcttgccgagccctgggcttgtgcacagacaaactgcagagctggtggaggccactgccaggccgagataagaaagagatggggagctgctaatctccccctgtccagcctgttggtgagggctgggatctttgctcttgcagtcattccagagccctggactaggagtaggaagatctgaattgtggccccaactctctttcggttattagctctgtgaccctaggcaagtcacctcatcccttgatgccacccgttgcttctgtaacatggtcccaaaggtgcctgtcttgtccacctgataggatttttgagacgacaacaatatgcaaaagcaatagcttcaacatagaagtgctcagtgttttattttttaatgaaacggtttgacttggatatgctgtgcacattcaatgaacttaaggaattgtttgaacctagtagttctgggaccttagagtcctttctgtgggctccctgtggcccagaattttggtggccacgtttaatatcaagcctagcctaatttgcaaagggtctcccagggttaatttattggagtgatcacatggagtagaccagagtctgagggcagaaagctgtcacctgcttcggcaatagaggccccagatgtctgggtgcaaaagaactccatagcaccccgaccaacatggtgaaaccccgtctctactaaaaatataaaaattaggccgggcacagtggctcatgcctgtaatcctagcactttgggaggccgaggcaggtggattgcctgagctcaggagttcgagaccagcctagggaacacagtgaaaccccgtttctactaaaaatacaaaaaattagccgacgtggtggcatgcgcctgtagtcccagctacttgggaggctaagacaggagaatcgcttgaacctgggaggtggaggttgcactgagccgagaccgcgccattgcactccagcctgggtgacagagcgcgactccccctcaaaaaaagaaaaaaaaaaaaaatatatatatatatatacacacacacacatattttagctgggcatggtggtgtgcgtctgtagtagtcccagctacttgggaggctgagtcaggagaatcgcttgaacctggaaggcagtggttgtagttagctgagaacatgccactgcactccagcctgggcaacagagggagactctgtctcaaaaaaaaaaaaaaaaggaactacataggatgaacatcccagatcagggaatgttgactgtcgacagtatcagtatctacagtggctactgtctgatgtagaaagaaatgggatcaggctaggcgtggtggctcacgcctgtaatcccagcactttgggaggctggggcaggaggatcacaagttcgagaccagcctggccaacacagtgaaaccccgtctctactaaaaatgtgaaaattagctgggcatggtggaacatgcctgtagttccagcttgaacccaggggtggaggttgtagtgagcctagatcacgccactgcactccagcctgagcaaaacagtgagactctgtctaaaaaaaaaaaaaaaaaaagagagaaatgggacctccgtcttagactgaagaattcagttctacgtgcttagcagtgaatacttttgtccaaggtactctggcaggaggaagaggcgtgtcctcttgagttcttgacttgggctctggcctgttaatatttccatgttggtgaaaccagaggcagcactctaggtgcacgaactttaggcagcgcagcctcctagtcttatggaacatctgaggcagaagaaacctgagtccaaccttttcattttatagatgaacaaacagatcctggtgggacagtgtacccaaggtcacccagccaagaggctgagcaggactgtacgtcagatccgtttacctcagtccttaatgcatgcagtccagccagattaagggacccttaatactgtcagctttccccactgtgggatcttcatcctcttgacttcttttgtagccagacatctgggcctcttgctggagaaggtggcagcttgctgctcttagactctagtctactccatgtggcatctggatggcactgaaattttctcaagtgccttgtctgttgtagataatgaatctatcctccagtgactcagcacaggttccccagtgtggtcctggctgccctgcccctgccagctgcaggccccacccttcctgtggccaggctgatgggccttatctctttacccacctggctgtgcacagcactcccactgacaactgccttggtcaaggtgggcttcagggctcagtgtcctggttactgcagcggcagcaacagcaggtcctactatcgcctccctctagtctctgcttctctggatccctgaggagggcagaaggtactgaggaaggttaaagggaccagccttggagtatttccccactctgagactcagctggccacaggccaggttctgaagttcctttcttccaagccagtgattctggttcttggacaaggtgttgaggaacactagaaacagaggggactgtgacctggggactttttctgcagGAAGAAAACAGCCCAAAGATGAGAGTGATTCGCGTGGGTACCCGCAA
HMBS	IVS1+5G>C	Intron	Acute intermittent porphyria	+67	+1	Puy, H., Gross, U., Deybach, J.C., Robreau, A.M., Frank, M., Nordmann, Y. and Doss, M. (1998) Exon 1 donor splice site mutations in the porphobilinogen deaminase gene in the non-erythroid variant form of acute intermittent porphyria. Hum Genet, 103, 570-575. 	CCGGAAGTGACGCGAGGCTCTGCGGAGACCAGGAGTCAGACTGTAGGACGACCTCGGGTCCCACGTGTCCCCGGTACTCGCCGGCCGGAGCCCCCGGCTTCCCGGGGCCGGGGGACCTTAGCGGCACCCACACACAGCCTACTTTCCAAGCGGAGCCATGTCTGGTAACGGCAATGCGGCTGCAACGGCGgtga(g>c)tgctgagccggtgaccagcacactttgggcttctggacgagccgtgcagcgattggccccag/gttgccatcctcagtcgtctattggtcagaacggctatctttttttttttttttttttttttttttttggtccgagtagcttttaaagggccagtagctcggttgccctccggaaggaatggggaaatcagagagcggtgatactgggttaagagtggaaggattgtttggaacggaactccggtccctgcgggcatctgggtgggattcccatcaggcctgggatgcacggctctagatttagtgacccagaccaagaacgttcgtctacacagacggggtcctttcattcgaggctgggctgaggcggatgcagatacggcccctttgggaagacacgttccacttttgattcataggagagagtatcagccaagcctccgaactgcacacaaacgtcttagaagtgcgccttctttttgtgttatagtggtctcccagccacagccaacgctccaagtccccagctgtgacacacctactgaattactaccgtgggtgggaggccgccgtgggcctttccattacgagcctgcttgccgagccctgggcttgtgcacagacaaactgcagagctggtggaggccactgccaggccgagataagaaagagatggggagctgctaatctccccctgtccagcctgttggtgagggctgggatctttgctcttgcagtcattccagagccctggactaggagtaggaagatctgaattgtggccccaactctctttcggttattagctctgtgaccctaggcaagtcacctcatcccttgatgccacccgttgcttctgtaacatggtcccaaaggtgcctgtcttgtccacctgataggatttttgagacgacaacaatatgcaaaagcaatagcttcaacatagaagtgctcagtgttttattttttaatgaaacggtttgacttggatatgctgtgcacattcaatgaacttaaggaattgtttgaacctagtagttctgggaccttagagtcctttctgtgggctccctgtggcccagaattttggtggccacgtttaatatcaagcctagcctaatttgcaaagggtctcccagggttaatttattggagtgatcacatggagtagaccagagtctgagggcagaaagctgtcacctgcttcggcaatagaggccccagatgtctgggtgcaaaagaactccatagcaccccgaccaacatggtgaaaccccgtctctactaaaaatataaaaattaggccgggcacagtggctcatgcctgtaatcctagcactttgggaggccgaggcaggtggattgcctgagctcaggagttcgagaccagcctagggaacacagtgaaaccccgtttctactaaaaatacaaaaaattagccgacgtggtggcatgcgcctgtagtcccagctacttgggaggctaagacaggagaatcgcttgaacctgggaggtggaggttgcactgagccgagaccgcgccattgcactccagcctgggtgacagagcgcgactccccctcaaaaaaagaaaaaaaaaaaaaatatatatatatatatacacacacacacatattttagctgggcatggtggtgtgcgtctgtagtagtcccagctacttgggaggctgagtcaggagaatcgcttgaacctggaaggcagtggttgtagttagctgagaacatgccactgcactccagcctgggcaacagagggagactctgtctcaaaaaaaaaaaaaaaaggaactacataggatgaacatcccagatcagggaatgttgactgtcgacagtatcagtatctacagtggctactgtctgatgtagaaagaaatgggatcaggctaggcgtggtggctcacgcctgtaatcccagcactttgggaggctggggcaggaggatcacaagttcgagaccagcctggccaacacagtgaaaccccgtctctactaaaaatgtgaaaattagctgggcatggtggaacatgcctgtagttccagcttgaacccaggggtggaggttgtagtgagcctagatcacgccactgcactccagcctgagcaaaacagtgagactctgtctaaaaaaaaaaaaaaaaaaagagagaaatgggacctccgtcttagactgaagaattcagttctacgtgcttagcagtgaatacttttgtccaaggtactctggcaggaggaagaggcgtgtcctcttgagttcttgacttgggctctggcctgttaatatttccatgttggtgaaaccagaggcagcactctaggtgcacgaactttaggcagcgcagcctcctagtcttatggaacatctgaggcagaagaaacctgagtccaaccttttcattttatagatgaacaaacagatcctggtgggacagtgtacccaaggtcacccagccaagaggctgagcaggactgtacgtcagatccgtttacctcagtccttaatgcatgcagtccagccagattaagggacccttaatactgtcagctttccccactgtgggatcttcatcctcttgacttcttttgtagccagacatctgggcctcttgctggagaaggtggcagcttgctgctcttagactctagtctactccatgtggcatctggatggcactgaaattttctcaagtgccttgtctgttgtagataatgaatctatcctccagtgactcagcacaggttccccagtgtggtcctggctgccctgcccctgccagctgcaggccccacccttcctgtggccaggctgatgggccttatctctttacccacctggctgtgcacagcactcccactgacaactgccttggtcaaggtgggcttcagggctcagtgtcctggttactgcagcggcagcaacagcaggtcctactatcgcctccctctagtctctgcttctctggatccctgaggagggcagaaggtactgaggaaggttaaagggaccagccttggagtatttccccactctgagactcagctggccacaggccaggttctgaagttcctttcttccaagccagtgattctggttcttggacaaggtgttgaggaacactagaaacagaggggactgtgacctggggactttttctgcagGAAGAAAACAGCCCAAAGATGAGAGTGATTCGCGTGGGTACCCGCAA
HMBS	IVS1+2T>A	Intron	Acute intermittent porphyria	+67	+1	Puy, H., Gross, U., Deybach, J.C., Robreau, A.M., Frank, M., Nordmann, Y. and Doss, M. (1998) Exon 1 donor splice site mutations in the porphobilinogen deaminase gene in the non-erythroid variant form of acute intermittent porphyria. Hum Genet, 103, 570-575. 	CCGGAAGTGACGCGAGGCTCTGCGGAGACCAGGAGTCAGACTGTAGGACGACCTCGGGTCCCACGTGTCCCCGGTACTCGCCGGCCGGAGCCCCCGGCTTCCCGGGGCCGGGGGACCTTAGCGGCACCCACACACAGCCTACTTTCCAAGCGGAGCCATGTCTGGTAACGGCAATGCGGCTGCAACGGCGg(t>a)gagtgctgagccggtgaccagcacactttgggcttctggacgagccgtgcagcgattggccccag/gttgccatcctcagtcgtctattggtcagaacggctatctttttttttttttttttttttttttttttggtccgagtagcttttaaagggccagtagctcggttgccctccggaaggaatggggaaatcagagagcggtgatactgggttaagagtggaaggattgtttggaacggaactccggtccctgcgggcatctgggtgggattcccatcaggcctgggatgcacggctctagatttagtgacccagaccaagaacgttcgtctacacagacggggtcctttcattcgaggctgggctgaggcggatgcagatacggcccctttgggaagacacgttccacttttgattcataggagagagtatcagccaagcctccgaactgcacacaaacgtcttagaagtgcgccttctttttgtgttatagtggtctcccagccacagccaacgctccaagtccccagctgtgacacacctactgaattactaccgtgggtgggaggccgccgtgggcctttccattacgagcctgcttgccgagccctgggcttgtgcacagacaaactgcagagctggtggaggccactgccaggccgagataagaaagagatggggagctgctaatctccccctgtccagcctgttggtgagggctgggatctttgctcttgcagtcattccagagccctggactaggagtaggaagatctgaattgtggccccaactctctttcggttattagctctgtgaccctaggcaagtcacctcatcccttgatgccacccgttgcttctgtaacatggtcccaaaggtgcctgtcttgtccacctgataggatttttgagacgacaacaatatgcaaaagcaatagcttcaacatagaagtgctcagtgttttattttttaatgaaacggtttgacttggatatgctgtgcacattcaatgaacttaaggaattgtttgaacctagtagttctgggaccttagagtcctttctgtgggctccctgtggcccagaattttggtggccacgtttaatatcaagcctagcctaatttgcaaagggtctcccagggttaatttattggagtgatcacatggagtagaccagagtctgagggcagaaagctgtcacctgcttcggcaatagaggccccagatgtctgggtgcaaaagaactccatagcaccccgaccaacatggtgaaaccccgtctctactaaaaatataaaaattaggccgggcacagtggctcatgcctgtaatcctagcactttgggaggccgaggcaggtggattgcctgagctcaggagttcgagaccagcctagggaacacagtgaaaccccgtttctactaaaaatacaaaaaattagccgacgtggtggcatgcgcctgtagtcccagctacttgggaggctaagacaggagaatcgcttgaacctgggaggtggaggttgcactgagccgagaccgcgccattgcactccagcctgggtgacagagcgcgactccccctcaaaaaaagaaaaaaaaaaaaaatatatatatatatatacacacacacacatattttagctgggcatggtggtgtgcgtctgtagtagtcccagctacttgggaggctgagtcaggagaatcgcttgaacctggaaggcagtggttgtagttagctgagaacatgccactgcactccagcctgggcaacagagggagactctgtctcaaaaaaaaaaaaaaaaggaactacataggatgaacatcccagatcagggaatgttgactgtcgacagtatcagtatctacagtggctactgtctgatgtagaaagaaatgggatcaggctaggcgtggtggctcacgcctgtaatcccagcactttgggaggctggggcaggaggatcacaagttcgagaccagcctggccaacacagtgaaaccccgtctctactaaaaatgtgaaaattagctgggcatggtggaacatgcctgtagttccagcttgaacccaggggtggaggttgtagtgagcctagatcacgccactgcactccagcctgagcaaaacagtgagactctgtctaaaaaaaaaaaaaaaaaaagagagaaatgggacctccgtcttagactgaagaattcagttctacgtgcttagcagtgaatacttttgtccaaggtactctggcaggaggaagaggcgtgtcctcttgagttcttgacttgggctctggcctgttaatatttccatgttggtgaaaccagaggcagcactctaggtgcacgaactttaggcagcgcagcctcctagtcttatggaacatctgaggcagaagaaacctgagtccaaccttttcattttatagatgaacaaacagatcctggtgggacagtgtacccaaggtcacccagccaagaggctgagcaggactgtacgtcagatccgtttacctcagtccttaatgcatgcagtccagccagattaagggacccttaatactgtcagctttccccactgtgggatcttcatcctcttgacttcttttgtagccagacatctgggcctcttgctggagaaggtggcagcttgctgctcttagactctagtctactccatgtggcatctggatggcactgaaattttctcaagtgccttgtctgttgtagataatgaatctatcctccagtgactcagcacaggttccccagtgtggtcctggctgccctgcccctgccagctgcaggccccacccttcctgtggccaggctgatgggccttatctctttacccacctggctgtgcacagcactcccactgacaactgccttggtcaaggtgggcttcagggctcagtgtcctggttactgcagcggcagcaacagcaggtcctactatcgcctccctctagtctctgcttctctggatccctgaggagggcagaaggtactgaggaaggttaaagggaccagccttggagtatttccccactctgagactcagctggccacaggccaggttctgaagttcctttcttccaagccagtgattctggttcttggacaaggtgttgaggaacactagaaacagaggggactgtgacctggggactttttctgcagGAAGAAAACAGCCCAAAGATGAGAGTGATTCGCGTGGGTACCCGCAA
HMBS	IVS1+3G>T	Intron	Acute intermittent porphyria	+67	+1	Mustajoki, S., Pihlaja, H., Ahola, H., Petersen, N.E., Mustajoki, P. and Kauppinen, R. (1998) Three splicing defects, an insertion, and two missense mutations responsible for acute intermittent porphyria. Hum Genet, 102, 541-548. 	CCGGAAGTGACGCGAGGCTCTGCGGAGACCAGGAGTCAGACTGTAGGACGACCTCGGGTCCCACGTGTCCCCGGTACTCGCCGGCCGGAGCCCCCGGCTTCCCGGGGCCGGGGGACCTTAGCGGCACCCACACACAGCCTACTTTCCAAGCGGAGCCATGTCTGGTAACGGCAATGCGGCTGCAACGGCGgt(g>t)agtgctgagccggtgaccagcacactttgggcttctggacgagccgtgcagcgattggccccag/gttgccatcctcagtcgtctattggtcagaacggctatctttttttttttttttttttttttttttttggtccgagtagcttttaaagggccagtagctcggttgccctccggaaggaatggggaaatcagagagcggtgatactgggttaagagtggaaggattgtt
HMBS	IVS7+2T>C	Intron	Acute intermittent porphyria	+15	0	Martinez di Montemuros, F., Di Pierro, E., Fargion, S., Biolcati, G., Griso, D., Macri, A., Fiorelli, G. and Cappellini, M.D. (2000) Molecular analysis of the hydroxymethylbilane synthase (HMBS) gene in Italian patients with acute intermittent porphyria: report of four novel mutations. Hum Mutat, 15, 480. 	ggctggctgctcataccctttctctttgcccccctctcccatctctatagAGTGGACCTGGTTGTTCACTCCTTGAAGGACCTGCCCACTGTGCTTCCTCCTGGCTTCACCATCGGAGCCATCTGCAAg(t>c)aagagtcttgcaa/gtaaggggcttgggcaggggtaggcatcatgtgaacctttgcctttccctttggggcctgaccctctgcttcagggttatctcctctgccctgaggagtgttgactggtggcagaaaactcaagaaataccagtgagttggcaatcgagagagaatagaggtgatctgaacttaaatctcttccctcattctgtgcccttccctcctcccccagGCGGGAAAACCCTCATGATGCTGTTGTCTTTCACCCAAAATTTGTTGGGAAGACCCTAGAAACCCTGCCAGAGAAGAGgtaagtggggcctggataggcagcttggtgggatgtgcccagaagatgcagggatgggaggaggaggaaaggaacagtgactgcctagtgttaaaatctcattgtaacttctctctgggc
IGHG2	IVS1+4A>G	Exon	Acute lymphoblastic leukemia	-16	+1	Zhao, Y., Pan-Hammarstrom, Q., Zhao, Z., Wen, S., Hammarstrom, L.(2005) Selective IgG2 deficiency due to a point mutation causing abnormal splicing of the Cgamma2 gene. Int. Immunol., 17, 95-101. 	CCTCCACCAAGGGCCCATCGGTCTTCCCCCTGGCGCCCTGCTCCAGGAGCACCTCCGAGAGCACAGCGGCCCTGGGCTGCCTGGTCAAGGACTACTTCCCCGAACCGGTGACGGTGTCGTGGAACTCAGGCGCTCTGACCAGCGGCGTGCACACCTTCCCGGCTGTCCTACAGTCCTCAGGACTCTACTCCCTCAGCAGCGTGGTGACCGTGCCCTCCAGCAACTTCGGCACCCAGACCTACACCTGCAACGTAGATCACAAGCCCAGCAACACCAAG/GTGGACAAGACAGTTGgtg(a>g)gaggccagctcagggagggagggtgtctgctggaagccaggctcagccctcctgcctggacgcaccccggctgtgcagccccagcccagggcagcaaggcaggccccatctgtctcctcacccggaggcctctgcccgccccactcatgctcagggagagggtcttctggctttttccaccaggctccaggcaggcacaggctgggtgcccctaccccaggcccttcacacacaggggcaggtgcttggctcagacctgccaaaagccatatccgggaggaccctgcccctgacctaagccgaccccaaaggccaaactgtccactccctcagctcggacaccttctctcctcccagatccgagtaactcccaatcttctctctgcagAGCGCAAATGTTGTGTCGAGTGCCCACCG
ADA	IVS10+1G>A	Intron	Adenosine deaminase deficiency	+4	+1	Santisteban, I., Arredondo-Vega, F.X., Kelly, S., Mary, A., Fischer, A., Hummell, D.S., Lawton, A., Sorensen, R.U., Stiehm, E.R., Uribe, L., Weinberg, K., Hershfield, M.S. (1993) Novel splicing, missense, and deletion mutations in seven adenosine deaminase-deficient patients with late/delayed onset of combined immunodeficiency disease. Contribution of genotype to phenotype. J.Clin.Invest., 92, 2291-2302. 	cagggtagggtgcagaggggaaggctggagagggtggcagccggagggggatgttgctttcttggctcccacccccacgcccccaccggctgccattctgcctggttcccatgtctggcccctctgctgcctttgcccagctctggtcttcaggatgggctggattctggactttctggttacatagacttgaacaagtcacctaagttctgaatttatttccccctctgcacaaggatcagatctttcagatctgtttgaggctgctgtgaggatcaaaggcgggtgaacgtcaatgtgttctgactatttatgtaagagtaaaaggaggctgattctctcctcctccctcttctgcagGCTCAAAAATGACCAGGCTAACTACTCGCTCAACACAGATGACCCGCTCATCTTCAAGTCCACCCTGGACACTGATTACCAGATGACCAAACGGGACATGGGCTTTACTGAAGAGGAGTTTAAAAGGCTG(g>a)tga/gtgggtgtgagccatactggccttgactcgggtttgggagtatggtatctacaggtccagtccggggcctggaatctttggagagagggagtgagtctgcctcaacagtccaagacaagcccaacctagacactttccacagagaagacatctttgtgttgacgtcctgacctaggaccaggtttttgatcctttgcttgggttgagtgcctttaaagaatccagtgaaagctgtcaaccctctccccagaaaggtgtgtgcagcagctatgaagtcttgcacactctcttcaggttgttcttaaatcccaggctgaataagtccattcctgcacgtgtctgcgaggtgtctctggccccctacatgccaccctgtctctcaaaggtttctccaacttccttctcacagcc
FGA	IVS4+1G>T	Intron	Afibrinogenemia	+4	+1	Attanasio, C., de Moerloose, P., Antonarakis, S.E., Morris, M.A. and Neerman-Arbez, M. (2001) Activation of multiple cryptic donor splice sites by the common congenital afibrinogenemia mutation, FGA IVS4 + 1 G->T. Blood, 97, 1879-1881. 	tctttctttctttctttctttctttctccttccttcctttcttcctttcttttttgctggcaattacagacaaatcactcagcagctacttcaataaccatattttcgatttcagACCGTGATAATACCTACAACCGAGTGTCAGAGGATCTGAGAAGCAGAATTGAAGTCCTGAAGCGCAAAGTCATAGAAAAAGTACAGCATATCCAGCTTCTGCAGAAAAATGTTAGAGCTCAGTTGGTTGATATGAAACGACTGGAG(g>t)taa/gtatgtggctgtggtcccagatgtccttgtttctgagtagagggaaaaggaaggcgatagttatgcactgagtgtctactatatgcagagaaaagtgttatatccatcatctacctaaaagtaggtattattttcctcactccacagttgaagaaaaaaaattcagagatattaagtaaattttccaacggtacatagatagtaaatttcaaaagcaaatgttcagtccctgtctaattccaaagcccattacatcaccacacctctgagccctcagcctgagtttcaccaaggatcatttaattagcgtttcctttgagagggaatagcaccttactcttgatccattctgaggctaagatgaattaaacagcatccattgcttatcctggctagccctgcaatacccaacatctcttccactgagggtgctcgataggcagaaaacagagaatattaagtggtaggtctccgagtcaaaaaaaatgaaaccagtttccagaaggaaaattaactaccaggaactcaatagacgtagtttatgtatttgtatctacattttctctttatttttctcccctctctctagGTGGACATTGATATTAAGATCCGATCTTGTCGAGGGTCATGCAGTAGGGCTTTAGCTCGTGAAGTAGATCTGAAGGACTATGAAGATCAGCAGAAGCAACTTGAACAGGTCATTGCCAAAGACTTACTTCCCTCTAGAGATAGGCAACACTTACCACTGATAAAAATGAAACCAGTTCCAGACTTGGTTCCCGGAAATTTTAAGAGCCAGCTTCAGAAGGTACCCCCAGAGTGGAAGGCATTAACAGACATGCCGCAGATGAGAATGGAGTTAGAGAGACCTGGTGGAAAT
FGA	IVS4+1G>T	Exon	Afibrinogenemia	-1	+1	Attanasio, C., de Moerloose, P., Antonarakis, S.E., Morris, M.A. and Neerman-Arbez, M. (2001) Activation of multiple cryptic donor splice sites by the common congenital afibrinogenemia mutation, FGA IVS4 + 1 G->T. Blood, 97, 1879-1881. 	tctttctttctttctttctttctttctccttccttcctttcttcctttcttttttgctggcaattacagacaaatcactcagcagctacttcaataaccatattttcgatttcagACCGTGATAATACCTACAACCGAGTGTCAGAGGATCTGAGAAGCAGAATTGAAGTCCTGAAGCGCAAAGTCATAGAAAAAGTACAGCATATCCAGCTTCTGCAGAAAAATGTTAGAGCTCAGTTGGTTGATATGAAACGACTGGA/G(g>t)taagtatgtggctgtggtcccagatgtccttgtttctgagtagagggaaaaggaaggcgatagttatgcactgagtgtctactatatgcagagaaaagtgttatatccatcatctacctaaaagtaggtattattttcctcactccacagttgaagaaaaaaaattcagagatattaagtaaattttccaacggtacatagatagtaaatttcaaaagcaaatgttcagtccctgtctaattccaaagcccattacatcaccacacctctgagccctcagcctgagtttcaccaaggatcatttaattagcgtttcctttgagagggaatagcaccttactcttgatccattctgaggctaagatgaattaaacagcatccattgcttatcctggctagccctgcaatacccaacatctcttccactgagggtgctcgataggcagaaaacagagaatattaagtggtaggtctccgagtcaaaaaaaatgaaaccagtttccagaaggaaaattaactaccaggaactcaatagacgtagtttatgtatttgtatctacattttctctttatttttctcccctctctctagGTGGACATTGATATTAAGATCCGATCTTGTCGAGGGTCATGCAGTAGGGCTTTAGCTCGTGAAGTAGATCTGAAGGACTATGAAGATCAGCAGAAGCAACTTGAACAGGTCATTGCCAAAGACTTACTTCCCTCTAGAGATAGGCAACACTTACCACTGATAAAAATGAAACCAGTTCCAGACTTGGTTCCCGGAAATTTTAAGAGCCAGCTTCAGAAGGTACCCCCAGAGTGGAAGGCATTAACAGACATGCCGCAGATGAGAATGGAGTTAGAGAGACCTGGTGGAAAT
FGA	IVS4+1G>T	Exon	Afibrinogenemia	-66	0	Attanasio, C., de Moerloose, P., Antonarakis, S.E., Morris, M.A. and Neerman-Arbez, M. (2001) Activation of multiple cryptic donor splice sites by the common congenital afibrinogenemia mutation, FGA IVS4 + 1 G->T. Blood, 97, 1879-1881. 	tctttctttctttctttctttctttctccttccttcctttcttcctttcttttttgctggcaattacagacaaatcactcagcagctacttcaataaccatattttcgatttcagACCGTGATAATACCTACAACCGAGTGTCAGAGGATCTGAGAAGCAGAATTGAAGTCCTGAAGCGCAAAGTCATAGAAAAA/GTACAGCATATCCAGCTTCTGCAGAAAAATGTTAGAGCTCAGTTGGTTGATATGAAACGACTGGAG(g>t)taagtatgtggctgtggtcccagatgtccttgtttctgagtagagggaaaaggaaggcgatagttatgcactgagtgtctactatatgcagagaaaagtgttatatccatcatctacctaaaagtaggtattattttcctcactccacagttgaagaaaaaaaattcagagatattaagtaaattttccaacggtacatagatagtaaatttcaaaagcaaatgttcagtccctgtctaattccaaagcccattacatcaccacacctctgagccctcagcctgagtttcaccaaggatcatttaattagcgtttcctttgagagggaatagcaccttactcttgatccattctgaggctaagatgaattaaacagcatccattgcttatcctggctagccctgcaatacccaacatctcttccactgagggtgctcgataggcagaaaacagagaatattaagtggtaggtctccgagtcaaaaaaaatgaaaccagtttccagaaggaaaattaactaccaggaactcaatagacgtagtttatgtatttgtatctacattttctctttatttttctcccctctctctagGTGGACATTGATATTAAGATCCGATCTTGTCGAGGGTCATGCAGTAGGGCTTTAGCTCGTGAAGTAGATCTGAAGGACTATGAAGATCAGCAGAAGCAACTTGAACAGGTCATTGCCAAAGACTTACTTCCCTCTAGAGATAGGCAACACTTACCACTGATAAAAATGAAACCAGTTCCAGACTTGGTTCCCGGAAATTTTAAGAGCCAGCTTCAGAAGGTACCCCCAGAGTGGAAGGCATTAACAGACATGCCGCAGATGAGAATGGAGTTAGAGAGACCTGGTGGAAAT
FGA	IVS4+1G>T	Exon	Afibrinogenemia	-36	0	Attanasio, C., de Moerloose, P., Antonarakis, S.E., Morris, M.A. and Neerman-Arbez, M. (2001) Activation of multiple cryptic donor splice sites by the common congenital afibrinogenemia mutation, FGA IVS4 + 1 G->T. Blood, 97, 1879-1881. 	tctttctttctttctttctttctttctccttccttcctttcttcctttcttttttgctggcaattacagacaaatcactcagcagctacttcaataaccatattttcgatttcagACCGTGATAATACCTACAACCGAGTGTCAGAGGATCTGAGAAGCAGAATTGAAGTCCTGAAGCGCAAAGTCATAGAAAAAGTACAGCATATCCAGCTTCTGCAGAAAAAT/GTTAGAGCTCAGTTGGTTGATATGAAACGACTGGAG(g>t)taagtatgtggctgtggtcccagatgtccttgtttctgagtagagggaaaaggaaggcgatagttatgcactgagtgtctactatatgcagagaaaagtgttatatccatcatctacctaaaagtaggtattattttcctcactccacagttgaagaaaaaaaattcagagatattaagtaaattttccaacggtacatagatagtaaatttcaaaagcaaatgttcagtccctgtctaattccaaagcccattacatcaccacacctctgagccctcagcctgagtttcaccaaggatcatttaattagcgtttcctttgagagggaatagcaccttactcttgatccattctgaggctaagatgaattaaacagcatccattgcttatcctggctagccctgcaatacccaacatctcttccactgagggtgctcgataggcagaaaacagagaatattaagtggtaggtctccgagtcaaaaaaaatgaaaccagtttccagaaggaaaattaactaccaggaactcaatagacgtagtttatgtatttgtatctacattttctctttatttttctcccctctctctagGTGGACATTGATATTAAGATCCGATCTTGTCGAGGGTCATGCAGTAGGGCTTTAGCTCGTGAAGTAGATCTGAAGGACTATGAAGATCAGCAGAAGCAACTTGAACAGGTCATTGCCAAAGACTTACTTCCCTCTAGAGATAGGCAACACTTACCACTGATAAAAATGAAACCAGTTCCAGACTTGGTTCCCGGAAATTTTAAGAGCCAGCTTCAGAAGGTACCCCCAGAGTGGAAGGCATTAACAGACATGCCGCAGATGAGAATGGAGTTAGAGAGACCTGGTGGAAAT
FGB	IVS7+1G>T	Exon	Afibrinogenemia	-40	+1	Spena, S., Duga, S., Asselta, R., Malcovati, M., Peyvandi, F., Tenchini, M.L. (2002) Congenital afibrinogenemia: first identification of splicing mutations in the fibrinogen Bbeta-chain gene causing activation of cryptic splice sites. Blood, 100, 4478-4484. 	gtaacgaacaggcatgcaaaataaaatcattctatttgaaatgggattttttttaattaaaaaacattcattgttggaagcctgttttaggcagttaagaggagtttcctgacaaaaatgtggaagctaaagataagggaagaaaggcagtttttagtttcccaaaattttatttttggtgagattttattttgtttttcttttagGTGAATATTGGCTTGGAAATGATAAAATTAGCCAGCTTACCAGGATGGGACCCACAGAACTTTTGATAGAAATGGAGGACTGGAAAGGAGACAAAGTAAAGGCTCACTATGGAGGATTCACTGTACAGAATGAAGCCAACAAATACCAGATCTCAGTGAACAAATACAGAGGAACAGCCGGTAATGCCCTCATGGATGGAGCATCTCAGCTGATGGGAGAAAACAGGACCATGACCATTCACAACG/GCATGTTCTTCAGCACGTATGACAGAGACAATGACGGCTG(g>t)tatgtgtggcactctttgctcctgctttaaaaatcacactaatatcattactcagaatcattaacaatatttttaatagctaccacttcctgggcacttactgtcagccactgtcctaagctctttatgcatcactcgaaagcatttcaactataaggtagacattcttattctcattttacagatgagatttagagagattacgtgatttgtccaatgtcacacaactacccagagataaaactagaatttgagcacagttactttctgaataatgagcatttagataaat
FGB	IVS7+1G>T	Exon	Afibrinogenemia	-106	+1	Spena, S., Duga, S., Asselta, R., Malcovati, M., Peyvandi, F., Tenchini, M.L. (2002) Congenital afibrinogenemia: first identification of splicing mutations in the fibrinogen Bbeta-chain gene causing activation of cryptic splice sites. Blood, 100, 4478-4484. 	gtaacgaacaggcatgcaaaataaaatcattctatttgaaatgggattttttttaattaaaaaacattcattgttggaagcctgttttaggcagttaagaggagtttcctgacaaaaatgtggaagctaaagataagggaagaaaggcagtttttagtttcccaaaattttatttttggtgagattttattttgtttttcttttagGTGAATATTGGCTTGGAAATGATAAAATTAGCCAGCTTACCAGGATGGGACCCACAGAACTTTTGATAGAAATGGAGGACTGGAAAGGAGACAAAGTAAAGGCTCACTATGGAGGATTCACTGTACAGAATGAAGCCAACAAATACCAGATCTCAGTGAACAAATACAGAGGAACAGCCG/GTAATGCCCTCATGGATGGAGCATCTCAGCTGATGGGAGAAAACAGGACCATGACCATTCACAACGGCATGTTCTTCAGCACGTATGACAGAGACAATGACGGCTG(g>t)tatgtgtggcactctttgctcctgctttaaaaatcacactaatatcattactcagaatcattaacaatatttttaatagctaccacttcctgggcacttactgtcagccactgtcctaagctctttatgcatcactcgaaagcatttcaactataaggtagacattcttattctcattttacagatgagatttagagagattacgtgatttgtccaatgtcacacaactacccagagataaaactagaatttgagcacagttactttctgaataatgagcatttagataaat
FGB	IVS7+1G>T	Exon	Afibrinogenemia	-24	0	Spena, S., Duga, S., Asselta, R., Malcovati, M., Peyvandi, F. and Tenchini, M.L. (2002) Congenital afibrinogenemia: first identification of splicing mutations in the fibrinogen Bbeta-chain gene causing activation of cryptic splice sites. Blood, 100, 4478-4484. 	TACCAGgtaacgaacaggcatgcaaaataaaatcattctatttgaaatgggattttttttaattaaaaaacattcattgttggaagcctgttttaggcagttaagaggagtttcctgacaaaaatgtggaagctaaagataagggaagaaaggcagtttttagtttcccaaaattttatttttggtgagattttattttgtttttcttttagGTGAATATTGGCTTGGAAATGATAAAATTAGCCAGCTTACCAGGATGGGACCCACAGAACTTTTGATAGAAATGGAGGACTGGAAAGGAGACAAAGTAAAGGCTCACTATGGAGGATTCACTGTACAGAATGAAGCCAACAAATACCAGATCTCAGTGAACAAATACAGAGGAACAGCCGGTAATGCCCTCATGGATGGAGCATCTCAGCTGATGGGAGAAAACAGGACCATGACCATTCACAACGGCATGTTCTTCAGCAC/GTATGACAGAGACAATGACGGCTG(g>t)tatgtgtggcactctttgctcctgctttaaaaatcacactaatatcattactcagaatcattaacaatatttttaatagctaccacttcctgggcacttactgtcagccactgtcctaagctctttatgcatcactcgaaagcatttcaactataaggtagacattcttattctcattttacagatgagatttagagagattacgtgatttgtccaatgtcacacaactacccagagataaaactagaatttgagcacagttactttctgaataatgagcatttagataaatacctatatctctatattctaaagtgtgtgtgaaaactttcattttcatttccagggttctctgatactaagggttgtaaaagctattattccagtataaagtaacaaacacagtccctagatggattggccacaaaggcccagttatctctctttcttgctatagggcacaggaggtctttggtgtattagtgtgactctatgtatagcacccaaaggaaagactactgtgcacacgagtgtagcagtcttttatgggtaatctgcaaaacgtaacttgaccaccgtagttctgtttctaataacgccaaacacattttctttcagGTTAACATCAGATCCCAG
FGB	IVS6+13C>T	Intron	Afibrinogenemia	+11	+2	Spena, S., Duga, S., Asselta, R., Malcovati, M., Peyvandi, F., Tenchini, M.L. (2002) Congenital afibrinogenemia: first identification of splicing mutations in the fibrinogen Bbeta-chain gene causing activation of cryptic splice sites. Blood, 100, 4478-4484. 	GATGGACAGTGATTCAGAACCGTCAAGACGGTAGTGTTGACTTTGGCAGGAAATGGGATCCATATAAACAGGGATTTGGAAATGTTGCAACCAACACAGATGGGAAGAATTACTGTGGCCTACCAGgtaacgaacag/g(c>t)atgcaaaataaaatcattctatttgaaatgggattttttttaattaaaaaacattcattgttggaagcctgttttaggcagttaagaggagtttcctgacaaaaatgtggaagctaaagataagggaagaaaggcagtttttagtttcccaaaattttatttttggtgagattttattttgttttt
